
{
  "Diseases": [
    {
      "category": "Сердечно-сосудистые заболевания",
      "diseases": [
        {
          "name": "Ишемический инсульт",
          "age_group": "adult",
          "gender": "all",
          "symptoms": [ "онемение", "слабость", "нарушение речи", "головная боль" ],
          "questions": [
            {
              "text": "Симптомы возникли внезапно?",
              "worsens": true
            },
            {
              "text": "Есть ли у вас высокое кровяное давление?",
              "worsens": true
            }
          ],
          "actions": [ "Вызвать скорую помощь" ],
          "severity": "high"
        },
        {
          "name": "Геморрагический инсульт",
          "age_group": "adult",
          "gender": "all",
          "symptoms": [ "внезапная сильная головная боль", "рвота", "потеря сознания" ],
          "questions": [
            {
              "text": "У вас когда-нибудь были кровоизлияния?",
              "worsens": true
            },
            {
              "text": "Вы принимаете препараты, разжижающие кровь?",
              "worsens": true
            }
          ],
          "actions": [ "Вызвать скорую помощь" ],
          "severity": "high"
        },
        {
          "name": "Транзиторная ишемическая атака",
          "age_group": "adult",
          "gender": "all",
          "symptoms": [ "временное онемение", "временная слабость", "временное нарушение речи" ],
          "questions": [
            {
              "text": "Симптомы прошли в течение часа?",
              "worsens": false
            },
            {
              "text": "Это происходило с вами раньше?",
              "worsens": true
            }
          ],
          "actions": [ "Обратиться к врачу" ],
          "severity": "medium"
        },
        {
          "name": "Острый инфаркт миокарда",
          "age_group": "adult",
          "gender": "all",
          "symptoms": [ "боль в груди", "одышка", "потливость", "тошнота" ],
          "questions": [
            {
              "text": "Боль в груди давит или сжимает?",
              "worsens": true
            },
            {
              "text": "Боль отдает в руку, шею или челюсть?",
              "worsens": true
            }
          ],
          "actions": [ "Вызвать скорую помощь" ],
          "severity": "high"
        },
        {
          "name": "Рецидивирующий инфаркт миокарда",
          "age_group": "adult",
          "gender": "all",
          "symptoms": [ "боль в груди", "одышка", "потливость", "тошнота" ],
          "questions": [
            {
              "text": "У вас уже был инфаркт?",
              "worsens": true
            },
            {
              "text": "Вы принимаете лекарства от сердца?",
              "worsens": true
            }
          ],
          "actions": [ "Вызвать скорую помощь" ],
          "severity": "high"
        },
        {
          "name": "Повторный инфаркт миокарда",
          "age_group": "adult",
          "gender": "all",
          "symptoms": [ "боль в груди", "одышка", "потливость", "тошнота" ],
          "questions": [
            {
              "text": "Боль отличается от предыдущих приступов?",
              "worsens": true
            },
            {
              "text": "Когда у вас был последний инфаркт?",
              "worsens": true
            }
          ],
          "actions": [ "Вызвать скорую помощь" ],
          "severity": "high"
        }
      ]
    },
    {
      "category": "Аллергии",
      "diseases": [
        {
          "name": "Аллергия на пыльцу",
          "age_group": "all",
          "gender": "all",
          "symptoms": [ "насморк", "чихание", "зуд в глазах", "слезотечение" ],
          "questions": [
            {
              "text": "Симптомы усиливаются в определенное время года?",
              "worsens": true
            },
            {
              "text": "У вас есть аллергия на другие вещи?",
              "worsens": false
            }
          ],
          "actions": [ "Принять антигистаминные препараты", "Избегать контакта с пыльцой" ],
          "severity": "low"
        },
        {
          "name": "Аллергия на укусы насекомых",
          "age_group": "all",
          "gender": "all",
          "symptoms": [ "отек", "зуд", "покраснение", "боль" ],
          "questions": [
            {
              "text": "У вас есть аллергия на укусы насекомых?",
              "worsens": true
            },
            {
              "text": "У вас есть затрудненное дыхание?",
              "worsens": true
            }
          ],
          "actions": [ "Принять антигистаминные препараты", "Обратиться к врачу" ],
          "severity": "medium"
        },
        {
          "name": "Аллергия на еду (мед)",
          "age_group": "all",
          "gender": "all",
          "symptoms": [ "сыпь", "зуд", "отек", "тошнота", "рвота" ],
          "food": "мед",
          "questions": [
            {
              "text": "Вы недавно ели мед?",
              "worsens": true
            },
            {
              "text": "У вас есть аллергия на другие продукты?",
              "worsens": true
            }
          ],
          "actions": [ "Принять антигистаминные препараты", "Избегать контакта с медом" ],
          "severity": "low"
        },
        {
          "name": "Аллергия на еду (лактоза)",
          "age_group": "all",
          "gender": "all",
          "symptoms": [ "вздутие живота", "диарея", "тошнота", "рвота" ],
          "food": "лактоза",
          "questions": [
            {
              "text": "Вы недавно употребляли молочные продукты?",
              "worsens": true
            },
            {
              "text": "У вас есть непереносимость лактозы?",
              "worsens": true
            }
          ],
          "actions": [ "Избегать молочных продуктов", "Принимать лактазу" ],
          "severity": "low"
        },
        {
          "name": "Аллергия на еду (орехи)",
          "age_group": "all",
          "gender": "all",
          "symptoms": [ "сыпь", "зуд", "отек", "затрудненное дыхание" ],
          "food": "орехи",
          "questions": [
            {
              "text": "Вы недавно ели орехи или продукты, содержащие орехи?",
              "worsens": true
            },
            {
              "text": "У вас есть известная аллергия на орехи?",
              "worsens": true
            }
          ],
          "actions": [ "Вызвать скорую помощь (при затрудненном дыхании)", "Избегать контакта с орехами" ],
          "severity": "high"
        }
      ]
    },
    {
      "category": "Вирусные инфекции",
      "diseases": [
        {
          "name": "Ветряная оспа",
          "age_group": "child",
          "gender": "all",
          "symptoms": [ "сыпь", "зуд", "температура", "слабость" ],
          "questions": [
            {
              "text": "Вы контактировали с человеком, болеющим ветрянкой?",
              "worsens": true
            },
            {
              "text": "Вы прививались от ветряной оспы?",
              "worsens": false
            }
          ],
          "actions": [ "Соблюдать постельный режим", "Принять жаропонижающее", "Обратиться к врачу" ],
          "severity": "low"
        },
        {
          "name": "Грипп",
          "age_group": "all",
          "gender": "all",
          "symptoms": [ "температура", "кашель", "насморк", "боль в горле", "ломота в теле" ],
          "questions": [
            {
              "text": "Температура выше 38?",
              "worsens": true
            },
            {
              "text": "У вас есть озноб?",
              "worsens": true
            }
          ],
          "actions": [ "Соблюдать постельный режим", "Принять жаропонижающее", "Принять противовирусные препараты" ],
          "severity": "medium"
        },
        {
          "name": "Герпес",
          "age_group": "all",
          "gender": "all",
          "symptoms": [ "пузырьки на коже", "зуд", "жжение" ],
          "questions": [
            {
              "text": "Пузырьки появились недавно?",
              "worsens": true
            },
            {
              "text": "У вас уже был герпес раньше?",
              "worsens": true
            }
          ],
          "actions": [ "Применить противовирусную мазь", "Обратиться к врачу" ],
          "severity": "low"
        },
        {
          "name": "Вирус иммунодефицита человека (ВИЧ / СПИД)",
          "age_group": "adult",
          "gender": "all",
          "symptoms": [ "увеличение лимфоузлов", "усталость", "температура", "ночная потливость" ],
          "questions": [
            {
              "text": "У вас были незащищенные половые контакты?",
              "worsens": true
            },
            {
              "text": "Вы употребляете наркотики внутривенно?",
              "worsens": true
            }
          ],
          "actions": [ "Обратиться к врачу для обследования" ],
          "severity": "high"
        },
        {
          "name": "Свинка, корь и краснуха",
          "age_group": "child",
          "gender": "all",
          "symptoms": [ "сыпь", "температура", "кашель", "насморк" ],
          "questions": [
            {
              "text": "Вы прививались от этих болезней?",
              "worsens": false
            },
            {
              "text": "Вы контактировали с больными этими болезнями?",
              "worsens": true
            }
          ],
          "actions": [ "Обратиться к врачу" ],
          "severity": "medium"
        },
        {
          "name": "Опоясывающий лишай",
          "age_group": "adult",
          "gender": "all",
          "symptoms": [ "болезненная сыпь", "зуд", "жжение" ],
          "questions": [
            {
              "text": "У вас была ветрянка в детстве?",
              "worsens": true
            },
            {
              "text": "Сыпь распространяется по одной стороне тела?",
              "worsens": true
            }
          ],
          "actions": [ "Обратиться к врачу" ],
          "severity": "medium"
        },
        {
          "name": "Вирусный менингит",
          "age_group": "all",
          "gender": "all",
          "symptoms": [ "головная боль", "ригидность затылочных мышц", "температура", "светобоязнь" ],
          "questions": [
            {
              "text": "Вам трудно наклонить голову вперед?",
              "worsens": true
            },
            {
              "text": "У вас есть тошнота и рвота?",
              "worsens": true
            }
          ],
          "actions": [ "Вызвать скорую помощь" ],
          "severity": "high"
        },
        {
          "name": "Вирусная пневмония",
          "age_group": "all",
          "gender": "all",
          "symptoms": [ "кашель", "одышка", "температура", "боль в груди" ],
          "questions": [
            {
              "text": "Вам трудно дышать?",
              "worsens": true
            },
            {
              "text": "У вас есть кашель с мокротой?",
              "worsens": true
            }
          ],
          "actions": [ "Обратиться к врачу" ],
          "severity": "medium"
        },
        {
          "name": "ОРВИ",
          "age_group": "all",
          "gender": "all",
          "symptoms": [ "насморк", "кашель", "боль в горле", "температура" ],
          "questions": [
            {
              "text": "У вас высокая температура?",
              "worsens": true
            },
            {
              "text": "У вас сильная слабость?",
              "worsens": true
            }
          ],
          "actions": [ "Соблюдать постельный режим", "Обильное питье" ],
          "severity": "low"
        }
      ]
    },
    {
      "category": "Беременность",
      "diseases": [
        {
          "name": "Вероятная беременность",
          "gender": "female",
          "symptoms": [
            "отсутствие месячных",
            "тошнота",
            "рвота",
            "сонливость",
            "утомляемость",
            "слабость",
            "головокружения",
            "увеличение груди",
            "болезненность груди",
            "учащенное мочеиспускание",
            "повышенная чувствительность к запахам"
          ],
          "questions": [
            {
              "text": "Последняя менструация была более месяца назад?",
              "worsens": true
            },
            {
              "text": "Вы делали тест на беременность?",
              "worsens": true
            }
          ],
          "actions": [ "Сделать тест на беременность", "Обратиться к гинекологу" ],
          "severity": "low"
        }
      ]
    }
  ]
}